product_name,price,url
DJI Mini 3 Pro Drone with RC Remote Controller,£859.00,/p/DJI/Mini-3-Pro-Drone-with-RC-Remote-Controller-200097
DJI Avata Pro-View Combo,"£1,229.00",/p/DJI/Avata-Pro-View-Combo-201392
DJI Mini 2 Combo Drone,£549.00,/p/DJI/Mini-2-Combo-Drone-191340
DJI FPV Combo,£899.00,/p/DJI/FPV-Combo-193017
DJI Avata Drone,£499.00,/p/DJI/Avata-Drone-201391
DJI Mini 2 Drone,£419.00,/p/DJI/Mini-2-Drone-191936
DJI Air 2S Fly More Combo,"£1,169.00",/p/DJI/Air-2S-Fly-More-Combo-194906
DJI Mavic 3 Drone,"£1,729.00",/p/DJI/Mavic-3-Drone-197684
DJI Mavic 3 Fly More Combo,"£2,399.00",/p/DJI/Mavic-3-Fly-More-Combo-197683
DJI Mini 3 Pro Drone with RC-N1 Remote Controller,£709.00,/p/DJI/Mini-3-Pro-Drone-with-RC-N1-Remote-Controller-200096
DJI Avata Fly Smart Combo,£989.00,/p/DJI/Avata-Fly-Smart-Combo-201393
DJI Mavic 3 Cine Premium Combo,"£4,179.00",/p/DJI/Mavic-3-Cine-Premium-Combo-197682
DJI Air 2S Drone,£899.00,/p/DJI/Air-2S-Drone-194905
Autel Evo Nano Drone in Orange,£599.00,/p/Autel/Evo-Nano-Drone-in-Orange-201936
Autel Evo Nano Drone in Grey,£599.00,/p/Autel/Evo-Nano-Drone-in-Grey-201917
Autel Evo Nano+ Drone in Orange,£719.00,/p/Autel/Evo-Nano-Drone-in-Orange-201918
Autel Evo Nano+ Drone in Grey,£719.00,/p/Autel/Evo-Nano-Drone-in-Grey-201920
Autel Evo Nano Drone in Orange Premium Bundle,£719.00,/p/Autel/Evo-Nano-Drone-in-Orange-Premium-Bundle-201922
Autel Evo Nano Drone in Grey Premium Bundle,£719.00,/p/Autel/Evo-Nano-Drone-in-Grey-Premium-Bundle-201923
Autel Evo Nano+ Drone in Orange Premium Bundle,£859.00,/p/Autel/Evo-Nano-Drone-in-Orange-Premium-Bundle-201925
Autel Evo Nano+ Drone in Grey Premium Bundle,£859.00,/p/Autel/Evo-Nano-Drone-in-Grey-Premium-Bundle-201937
